{"lr": 0.009998997606831424, "data_time": 0.0019160985946655273, "loss": 0.46798907965421677, "decode.loss_ce": 0.3169161111116409, "decode.acc_seg": 90.48908233642578, "aux.loss_ce": 0.15107296966016293, "aux.acc_seg": 90.48908233642578, "time": 0.5825247049331665, "step": 10}
{"aAcc": 98.42, "mIoU": 49.21, "mAcc": 50.0, "step": 10}
{"lr": 0.009997883823416308, "data_time": 0.0034603595733642576, "loss": 0.2738280761986971, "decode.loss_ce": 0.19071692880243063, "decode.acc_seg": 77.70004272460938, "aux.loss_ce": 0.08311114683747292, "aux.acc_seg": 77.70004272460938, "time": 0.07259871959686279, "step": 20}
{"aAcc": 98.42, "mIoU": 49.21, "mAcc": 50.0, "step": 20}
{"lr": 0.009996770026075326, "data_time": 0.002801179885864258, "loss": 0.1900740098208189, "decode.loss_ce": 0.1435752844437957, "decode.acc_seg": 89.28919219970703, "aux.loss_ce": 0.04649872602894902, "aux.acc_seg": 89.28919219970703, "time": 0.07138473987579345, "step": 30}
{"aAcc": 98.42, "mIoU": 49.21, "mAcc": 50.0, "step": 30}
{"lr": 0.009995656214806574, "data_time": 0.002852344512939453, "loss": 0.07696697171777486, "decode.loss_ce": 0.0523511478677392, "decode.acc_seg": 100.0, "aux.loss_ce": 0.024615825060755013, "aux.acc_seg": 100.0, "time": 0.07141153812408448, "step": 40}
{"aAcc": 98.42, "mIoU": 49.21, "mAcc": 50.0, "step": 40}
{"lr": 0.009994542389608127, "data_time": 0.0028374910354614256, "loss": 0.07044272385537624, "decode.loss_ce": 0.05084713520482183, "decode.acc_seg": 95.43795013427734, "aux.loss_ce": 0.019595587393268943, "aux.acc_seg": 95.43795013427734, "time": 0.07134954929351807, "step": 50}
{"aAcc": 98.42, "mIoU": 49.21, "mAcc": 50.0, "step": 50}
{"lr": 0.00999342855047807, "data_time": 0.0028230428695678713, "loss": 0.15582253243774175, "decode.loss_ce": 0.11465934421867133, "decode.acc_seg": 100.0, "aux.loss_ce": 0.0411631878465414, "aux.acc_seg": 100.0, "time": 0.07155985832214355, "step": 60}
{"aAcc": 98.42, "mIoU": 49.21, "mAcc": 50.0, "step": 60}
{"lr": 0.009992314697414482, "data_time": 0.002795577049255371, "loss": 0.04651330690830946, "decode.loss_ce": 0.03226349838078022, "decode.acc_seg": 100.0, "aux.loss_ce": 0.014249808387830853, "aux.acc_seg": 100.0, "time": 0.0717461109161377, "step": 70}
{"aAcc": 98.42, "mIoU": 49.21, "mAcc": 50.0, "step": 70}
{"lr": 0.009991200830415457, "data_time": 0.0028684139251708984, "loss": 0.08534870073199272, "decode.loss_ce": 0.06268355352804064, "decode.acc_seg": 92.23480224609375, "aux.loss_ce": 0.022665144270285965, "aux.acc_seg": 92.23480224609375, "time": 0.07163996696472168, "step": 80}
{"aAcc": 98.42, "mIoU": 49.21, "mAcc": 50.0, "step": 80}
{"lr": 0.009990086949479065, "data_time": 0.003773140907287598, "loss": 0.12694465164095164, "decode.loss_ce": 0.09700886495411395, "decode.acc_seg": 100.0, "aux.loss_ce": 0.029935785103589296, "aux.acc_seg": 100.0, "time": 0.07266066074371338, "step": 90}
{"aAcc": 98.42, "mIoU": 49.21, "mAcc": 50.0, "step": 90}
{"lr": 0.009988973054603395, "data_time": 0.0029610395431518555, "loss": 0.18498472962528467, "decode.loss_ce": 0.1330166358500719, "decode.acc_seg": 100.0, "aux.loss_ce": 0.05196809605695307, "aux.acc_seg": 100.0, "time": 0.07199983596801758, "step": 100}
{"aAcc": 98.42, "mIoU": 49.21, "mAcc": 50.0, "step": 100}
