{"lr": 0.009998997606831424, "data_time": 0.002064228057861328, "loss": 2.832436370849609, "decode.loss_ce": 1.948362648487091, "decode.acc_seg": 62.38850784301758, "aux.loss_ce": 0.8840737164020538, "aux.acc_seg": 62.38850784301758, "time": 0.52121000289917, "step": 10}
{"aAcc": 73.85, "mIoU": 3.67, "mAcc": 5.0, "step": 10}
{"lr": 0.009997883823416308, "data_time": 0.0036309480667114256, "loss": 2.279526615142822, "decode.loss_ce": 1.588215607404709, "decode.acc_seg": 64.26592254638672, "aux.loss_ce": 0.6913110017776489, "aux.acc_seg": 64.26592254638672, "time": 0.07600109577178955, "step": 20}
{"aAcc": 73.85, "mIoU": 3.67, "mAcc": 5.0, "step": 20}
{"lr": 0.009996770026075326, "data_time": 0.0037044525146484376, "loss": 2.054991352558136, "decode.loss_ce": 1.5063792169094086, "decode.acc_seg": 54.824256896972656, "aux.loss_ce": 0.5486121222376823, "aux.acc_seg": 54.824256896972656, "time": 0.0765110969543457, "step": 30}
{"aAcc": 73.85, "mIoU": 3.67, "mAcc": 5.0, "step": 30}
{"lr": 0.009995656214806574, "data_time": 0.003704357147216797, "loss": 2.167792040109634, "decode.loss_ce": 1.5878769636154175, "decode.acc_seg": 55.63414001464844, "aux.loss_ce": 0.5799150511622428, "aux.acc_seg": 55.63414001464844, "time": 0.07628226280212402, "step": 40}
{"aAcc": 73.85, "mIoU": 3.67, "mAcc": 5.0, "step": 40}
{"lr": 0.009994542389608127, "data_time": 0.0036533594131469725, "loss": 1.5721038103103637, "decode.loss_ce": 1.134365302324295, "decode.acc_seg": 55.25348663330078, "aux.loss_ce": 0.4377385079860687, "aux.acc_seg": 55.25348663330078, "time": 0.07617859840393067, "step": 50}
{"aAcc": 73.85, "mIoU": 3.67, "mAcc": 5.0, "step": 50}
{"lr": 0.00999342855047807, "data_time": 0.003701949119567871, "loss": 1.5912788033485412, "decode.loss_ce": 1.1304083704948424, "decode.acc_seg": 74.68746185302734, "aux.loss_ce": 0.46087043136358263, "aux.acc_seg": 74.68746185302734, "time": 0.0764251708984375, "step": 60}
{"aAcc": 73.85, "mIoU": 3.67, "mAcc": 5.0, "step": 60}
{"lr": 0.009992314697414482, "data_time": 0.0036986351013183595, "loss": 1.9123062372207642, "decode.loss_ce": 1.3583790421485902, "decode.acc_seg": 66.5058822631836, "aux.loss_ce": 0.5539272099733352, "aux.acc_seg": 66.5058822631836, "time": 0.07649707794189453, "step": 70}
{"aAcc": 73.85, "mIoU": 3.67, "mAcc": 5.0, "step": 70}
{"lr": 0.009991200830415457, "data_time": 0.004549884796142578, "loss": 1.792477437853813, "decode.loss_ce": 1.2774737298488616, "decode.acc_seg": 56.9850959777832, "aux.loss_ce": 0.5150037176907063, "aux.acc_seg": 56.9850959777832, "time": 0.07749643325805664, "step": 80}
{"aAcc": 73.85, "mIoU": 3.67, "mAcc": 5.0, "step": 80}
{"lr": 0.009990086949479065, "data_time": 0.0036927938461303713, "loss": 1.661093646287918, "decode.loss_ce": 1.1847771108150482, "decode.acc_seg": 67.38240051269531, "aux.loss_ce": 0.47631653398275375, "aux.acc_seg": 67.38240051269531, "time": 0.07650721073150635, "step": 90}
{"aAcc": 73.85, "mIoU": 3.67, "mAcc": 5.0, "step": 90}
{"lr": 0.009988973054603395, "data_time": 0.0035781621932983398, "loss": 2.2901102542877196, "decode.loss_ce": 1.6538505673408508, "decode.acc_seg": 66.66968536376953, "aux.loss_ce": 0.6362596601247787, "aux.acc_seg": 66.66968536376953, "time": 0.07640597820281983, "step": 100}
{"aAcc": 73.85, "mIoU": 3.67, "mAcc": 5.0, "step": 100}
